StudentID,Name,Math,Science,English,OverallGrade
1,Ali,85.0,88.0,,A
2,Sara,90.0,76.0,82.0,A
3,Ahmed,78.0,,75.0,B
4,Hina,,80.0,80.0,B
5,Bilal,65.0,69.0,68.0,C
6,Zara,88.0,85.0,77.0,A
7,Omar,92.0,90.0,85.0,A
8,Ayesha,74.0,77.0,,B
9,Hamza,81.0,,79.0,B
10,Mariam,79.0,82.0,81.0,B
11,Usman,95.0,91.0,92.0,A
12,Fatima,67.0,73.0,74.0,C
13,Danish,,89.0,87.0,B
14,Noor,84.0,84.0,83.0,B
15,Khalid,73.0,,71.0,C
16,Anaya,91.0,93.0,,A
17,Tariq,76.0,70.0,69.0,B
18,Laiba,82.0,86.0,88.0,B
19,Sami,87.0,88.0,84.0,A
20,Eman,,79.0,80.0,B
